<step title="Incoming Request" date="2025-06-23T21:33:57.621" instance="cbdd36" url="/pantracrm-fixed.git/info/refs?service=git-receive-pack" method="GET" type="request" pid="820,1,5" Accept="*/*" Host="pantracrm-fixed.scm.azurewebsites.net" User-Agent="git/2.34.1" Accept-Encoding="deflate, gzip, br, zstd" Accept-Language="C, *;q=0.9" Authorization="Bas..." Pragma="no-cache" X-ARR-LOG-ID="2db48c0b-0ff8-4053-9f44-535aad89566c" CLIENT-IP="47.220.139.42:65250" X-SITE-DEPLOYMENT-ID="pantracrm-fixed" WAS-DEFAULT-HOSTNAME="pantracrm-fixed.scm.azurewebsites.net" X-Forwarded-Proto="https" X-AppService-Proto="https" X-Forwarded-TlsVersion="1.3" X-WAWS-Unencoded-URL="/pantracrm-fixed.git/info/refs?service=git-receive-pack" X-Client-IP="47.220.139.42" X-Client-Port="65250" >
  <step title="InfoRefsService.Execute" date="2025-06-23T21:33:59.884" >
    <step title="InfoRefsService.SmartInfoRefs" date="2025-06-23T21:33:59.901" >
      <step title="Acquiring Deployment Lock" date="2025-06-23T21:33:59.915" /><!-- duration: 2ms -->
      <step title="Acquired Deployment Lock" date="2025-06-23T21:33:59.950" /><!-- duration: 2ms -->
      <step title="GitExeServer.Initialize" date="2025-06-23T21:33:59.957" >
        <step title="GitExeRepository.Initialize" date="2025-06-23T21:33:59.962" >
          <step title="Executing external process" date="2025-06-23T21:33:59.965" type="process" path="git" arguments="init" /><!-- duration: 437ms -->
          <step title="Executing external process" date="2025-06-23T21:34:00.411" type="process" path="git" arguments="config core.autocrlf false" /><!-- duration: 26ms -->
          <step title="Executing external process" date="2025-06-23T21:34:00.438" type="process" path="git" arguments="config core.preloadindex true" /><!-- duration: 23ms -->
          <step title="Executing external process" date="2025-06-23T21:34:00.465" type="process" path="git" arguments="config user.name &quot;unknown&quot;" /><!-- duration: 22ms -->
          <step title="Executing external process" date="2025-06-23T21:34:00.492" type="process" path="git" arguments="config user.email &quot;unknown&quot;" /><!-- duration: 21ms -->
          <step title="Executing external process" date="2025-06-23T21:34:00.516" type="process" path="git" arguments="config filter.lfs.clean &quot;git-lfs clean %f&quot;" /><!-- duration: 20ms -->
          <step title="Executing external process" date="2025-06-23T21:34:00.541" type="process" path="git" arguments="config filter.lfs.smudge &quot;git-lfs smudge %f&quot;" /><!-- duration: 20ms -->
          <step title="Executing external process" date="2025-06-23T21:34:00.563" type="process" path="git" arguments="config filter.lfs.required true" /><!-- duration: 61ms -->
          <step title="Configure git server" date="2025-06-23T21:34:00.627" >
            <step title="Executing external process" date="2025-06-23T21:34:00.632" type="process" path="git" arguments="config receive.denyCurrentBranch ignore" /><!-- duration: 29ms -->
          </step><!-- duration: 37ms -->
          <step title="Create deny users for .git folder" date="2025-06-23T21:34:00.666" /><!-- duration: 28ms -->
          <step title="Configure git-credential" date="2025-06-23T21:34:00.696" >
            <step title="Executing external process" date="2025-06-23T21:34:00.709" type="process" path="git" arguments="config credential.helper &quot;!&apos;/home/site/repository/.git/hooks/git-credential-invalid.sh&apos;&quot;" /><!-- duration: 22ms -->
          </step><!-- duration: 36ms -->
          <step title="Setup post receive hook" date="2025-06-23T21:34:00.734" >
            <step title="Non-Windows enviroment, granting 755 permission to post-receive hook file" date="2025-06-23T21:34:00.749" /><!-- duration: 219ms -->
          </step><!-- duration: 246ms -->
        </step><!-- duration: 1028ms -->
      </step><!-- duration: 1043ms -->
      <step title="Releasing Deployment Lock" date="2025-06-23T21:34:01.019" /><!-- duration: 10ms -->
      <step title="GitExeServer.AdvertiseReceivePack" date="2025-06-23T21:34:01.060" >
        <step title="Executing external process" date="2025-06-23T21:34:01.062" type="process" path="git" arguments="receive-pack --stateless-rpc --advertise-refs &quot;/home/site/repository&quot;" /><!-- duration: 87ms -->
      </step><!-- duration: 91ms -->
      <step title="Writing 216 bytes" date="2025-06-23T21:34:01.169" /><!-- duration: 2ms -->
    </step><!-- duration: 1309ms -->
  </step><!-- duration: 1328ms -->
  <step title="Outgoing response" date="2025-06-23T21:34:01.381" type="response" statusCode="200" statusText="OK" /><!-- duration: 51ms -->
</step><!-- duration: 3812ms -->
