﻿<?xml version="1.0" encoding="utf-8"?>
<deployment>
  <id>b6dd3073bb3c5b97061fa606e397b5883e32b0f3</id>
  <author>Kyle Ramsy</author>
  <deployer>$pantracrm-fixed</deployer>
  <authorEmail>kjramsy@gmail.com</authorEmail>
  <message>Add environment configuration setup to startup script
    
    - Copy .env.azure to .env for proper Laravel configuration
    - Ensure environment variables are available to Laravel
    
    🤖 Generated with [Claude Code](https://claude.ai/code)
    
    Co-Authored-By: Claude &lt;noreply@anthropic.com&gt;</message>
  <progress></progress>
  <status>Success</status>
  <statusText></statusText>
  <lastSuccessEndTime>2025-06-23T23:01:01.6111065Z</lastSuccessEndTime>
  <receivedTime>2025-06-23T22:57:34.2548832Z</receivedTime>
  <startTime>2025-06-23T22:57:42.0262313Z</startTime>
  <endTime>2025-06-23T23:01:01.6111065Z</endTime>
  <complete>True</complete>
  <is_temp>False</is_temp>
  <is_readonly>False</is_readonly>
  <buildSummary />
</deployment>