﻿<?xml version="1.0" encoding="utf-8"?>
<deployment>
  <id>682f9f5251b775074b7e621cec14bdbb0ab37f92</id>
  <author>Kyle Ramsy</author>
  <deployer>$pantracrm-fixed</deployer>
  <authorEmail>kjramsy@gmail.com</authorEmail>
  <message>Fix Azure deployment with PHP extensions and correct configuration
    
    - Add custom.ini to enable SQLite extensions (pdo_sqlite, sqlite3)
    - Update startup script to apply custom PHP configuration
    - Fix nginx configuration for Azure App Service requirements:
      * Use port 8080 for internal Azure routing
      * Correct PHP-FPM socket path to /run/php/php8.3-fpm.sock
    - This resolves startup script failures preventing Laravel application from loading
    
    🤖 Generated with [Claude Code](https://claude.ai/code)
    
    Co-Authored-By: Claude &lt;noreply@anthropic.com&gt;</message>
  <progress></progress>
  <status>Success</status>
  <statusText></statusText>
  <lastSuccessEndTime>2025-06-23T23:16:40.5004692Z</lastSuccessEndTime>
  <receivedTime>2025-06-23T23:14:23.4346057Z</receivedTime>
  <startTime>2025-06-23T23:14:31.2082681Z</startTime>
  <endTime>2025-06-23T23:16:40.5004692Z</endTime>
  <complete>True</complete>
  <is_temp>False</is_temp>
  <is_readonly>False</is_readonly>
  <buildSummary />
</deployment>