<step title="Incoming Request" date="2025-06-23T22:48:14.069" instance="cbdd36" url="/pantracrm-fixed.git/info/refs?service=git-receive-pack" method="GET" type="request" pid="826,1,7" Accept="*/*" Host="pantracrm-fixed.scm.azurewebsites.net" User-Agent="git/2.34.1" Accept-Encoding="deflate, gzip, br, zstd" Accept-Language="C, *;q=0.9" Authorization="Bas..." Pragma="no-cache" X-ARR-LOG-ID="22e86be8-1eac-4695-adfc-a4858ab9b24e" CLIENT-IP="47.220.139.42:65295" X-SITE-DEPLOYMENT-ID="pantracrm-fixed" WAS-DEFAULT-HOSTNAME="pantracrm-fixed.scm.azurewebsites.net" X-Forwarded-Proto="https" X-AppService-Proto="https" X-Forwarded-TlsVersion="1.3" X-WAWS-Unencoded-URL="/pantracrm-fixed.git/info/refs?service=git-receive-pack" X-Client-IP="47.220.139.42" X-Client-Port="65295" >
  <step title="InfoRefsService.Execute" date="2025-06-23T22:48:14.710" >
    <step title="Executing external process" date="2025-06-23T22:48:14.731" type="process" path="git" arguments="rev-parse --git-dir" /><!-- duration: 74ms -->
    <step title="Assuming git repository at /home/site/repository" date="2025-06-23T22:48:14.808" /><!-- duration: 7ms -->
    <step title="InfoRefsService.SmartInfoRefs" date="2025-06-23T22:48:14.819" >
      <step title="Executing external process" date="2025-06-23T22:48:14.834" type="process" path="git" arguments="rev-parse --git-dir" /><!-- duration: 13ms -->
      <step title="Assuming git repository at /home/site/repository" date="2025-06-23T22:48:14.853" /><!-- duration: 3ms -->
      <step title="GitExeServer.AdvertiseReceivePack" date="2025-06-23T22:48:14.861" >
        <step title="Executing external process" date="2025-06-23T22:48:14.863" type="process" path="git" arguments="receive-pack --stateless-rpc --advertise-refs &quot;/home/site/repository&quot;" /><!-- duration: 31ms -->
      </step><!-- duration: 37ms -->
      <step title="Writing 216 bytes" date="2025-06-23T22:48:14.899" /><!-- duration: 20ms -->
    </step><!-- duration: 103ms -->
  </step><!-- duration: 214ms -->
  <step title="Outgoing response" date="2025-06-23T22:48:14.936" type="response" statusCode="200" statusText="OK" /><!-- duration: 8ms -->
</step><!-- duration: 877ms -->
