<step title="Incoming Request" date="2025-06-23T22:57:28.934" instance="cbdd36" url="/pantracrm-fixed.git/git-receive-pack" method="POST" type="request" pid="821,1,20" Accept="application/x-git-receive-pack-result" Host="pantracrm-fixed.scm.azurewebsites.net" User-Agent="git/2.34.1" Accept-Encoding="deflate, gzip, br, zstd" Authorization="Bas..." Content-Type="application/x-git-receive-pack-request" Content-Length="786" X-ARR-LOG-ID="440e6487-d959-4037-980f-32c6bba4d318" CLIENT-IP="47.220.139.42:65240" X-SITE-DEPLOYMENT-ID="pantracrm-fixed" WAS-DEFAULT-HOSTNAME="pantracrm-fixed.scm.azurewebsites.net" X-Forwarded-Proto="https" X-AppService-Proto="https" X-Forwarded-TlsVersion="1.3" X-WAWS-Unencoded-URL="/pantracrm-fixed.git/git-receive-pack" X-Client-IP="47.220.139.42" X-Client-Port="65240" >
  <step title="RpcService.ReceivePack" date="2025-06-23T22:57:28.961" >
    <step title="Executing external process" date="2025-06-23T22:57:28.970" type="process" path="git" arguments="rev-parse --git-dir" /><!-- duration: 21ms -->
    <step title="Assuming git repository at /home/site/repository" date="2025-06-23T22:57:29.000" /><!-- duration: 3ms -->
    <step title="Acquiring Deployment Lock" date="2025-06-23T22:57:29.014" /><!-- duration: 3ms -->
    <step title="Acquired Deployment Lock" date="2025-06-23T22:57:29.043" /><!-- duration: 2ms -->
    <step title="Creating temporary deployment" date="2025-06-23T22:57:29.051" /><!-- duration: 70ms -->
    <step title="GitExeServer.Receive" date="2025-06-23T22:57:29.124" >
      <step title="Executing external process" date="2025-06-23T22:57:29.132" type="process" path="git" arguments="receive-pack --stateless-rpc &quot;/home/site/repository&quot;" /><!-- duration: 218345ms -->
    </step><!-- duration: 218359ms -->
    <step title="Releasing Deployment Lock" date="2025-06-23T23:01:07.552" /><!-- duration: 3ms -->
  </step><!-- duration: 218605ms -->
  <step title="Outgoing response" date="2025-06-23T23:01:07.574" type="response" statusCode="200" statusText="OK" /><!-- duration: 2ms -->
</step><!-- duration: 218647ms -->
