<step title="Incoming Request" date="2025-06-23T23:14:17.132" instance="cbdd36" url="/pantracrm-fixed.git/info/refs?service=git-receive-pack" method="GET" type="request" pid="821,1,40" Accept="*/*" Host="pantracrm-fixed.scm.azurewebsites.net" User-Agent="git/2.34.1" Accept-Encoding="deflate, gzip, br, zstd" Accept-Language="C, *;q=0.9" Authorization="Bas..." Pragma="no-cache" X-ARR-LOG-ID="a1811db4-efa3-4300-95cd-bb787e4a7c02" CLIENT-IP="47.220.139.42:65241" X-SITE-DEPLOYMENT-ID="pantracrm-fixed" WAS-DEFAULT-HOSTNAME="pantracrm-fixed.scm.azurewebsites.net" X-Forwarded-Proto="https" X-AppService-Proto="https" X-Forwarded-TlsVersion="1.3" X-WAWS-Unencoded-URL="/pantracrm-fixed.git/info/refs?service=git-receive-pack" X-Client-IP="47.220.139.42" X-Client-Port="65241" >
  <step title="Cleanup Xml Logs" date="2025-06-23T23:14:17.148" /><!-- duration: 4ms -->
  <step title="InfoRefsService.Execute" date="2025-06-23T23:14:17.187" >
    <step title="Executing external process" date="2025-06-23T23:14:17.201" type="process" path="git" arguments="rev-parse --git-dir" /><!-- duration: 37ms -->
    <step title="Assuming git repository at /home/site/repository" date="2025-06-23T23:14:17.245" /><!-- duration: 2ms -->
    <step title="InfoRefsService.SmartInfoRefs" date="2025-06-23T23:14:17.252" >
      <step title="Executing external process" date="2025-06-23T23:14:17.262" type="process" path="git" arguments="rev-parse --git-dir" /><!-- duration: 17ms -->
      <step title="Assuming git repository at /home/site/repository" date="2025-06-23T23:14:17.281" /><!-- duration: 2ms -->
      <step title="GitExeServer.AdvertiseReceivePack" date="2025-06-23T23:14:17.287" >
        <step title="Executing external process" date="2025-06-23T23:14:17.289" type="process" path="git" arguments="receive-pack --stateless-rpc --advertise-refs &quot;/home/site/repository&quot;" /><!-- duration: 20ms -->
      </step><!-- duration: 24ms -->
      <step title="Writing 279 bytes" date="2025-06-23T23:14:17.313" /><!-- duration: 4ms -->
    </step><!-- duration: 67ms -->
  </step><!-- duration: 134ms -->
  <step title="Outgoing response" date="2025-06-23T23:14:17.326" type="response" statusCode="200" statusText="OK" /><!-- duration: 2ms -->
</step><!-- duration: 205ms -->
