<step title="Incoming Request" date="2025-06-23T23:14:17.968" instance="cbdd36" url="/pantracrm-fixed.git/git-receive-pack" method="POST" type="request" pid="821,1,40" Accept="application/x-git-receive-pack-result" Host="pantracrm-fixed.scm.azurewebsites.net" User-Agent="git/2.34.1" Accept-Encoding="deflate, gzip, br, zstd" Authorization="Bas..." Content-Type="application/x-git-receive-pack-request" Content-Length="1585" X-ARR-LOG-ID="3901def1-fd3e-441d-ba4a-3764595d4a25" CLIENT-IP="47.220.139.42:65241" X-SITE-DEPLOYMENT-ID="pantracrm-fixed" WAS-DEFAULT-HOSTNAME="pantracrm-fixed.scm.azurewebsites.net" X-Forwarded-Proto="https" X-AppService-Proto="https" X-Forwarded-TlsVersion="1.3" X-WAWS-Unencoded-URL="/pantracrm-fixed.git/git-receive-pack" X-Client-IP="47.220.139.42" X-Client-Port="65241" >
  <step title="RpcService.ReceivePack" date="2025-06-23T23:14:17.988" >
    <step title="Executing external process" date="2025-06-23T23:14:18.000" type="process" path="git" arguments="rev-parse --git-dir" /><!-- duration: 19ms -->
    <step title="Assuming git repository at /home/site/repository" date="2025-06-23T23:14:18.021" /><!-- duration: 6ms -->
    <step title="Acquiring Deployment Lock" date="2025-06-23T23:14:18.031" /><!-- duration: 6ms -->
    <step title="Acquired Deployment Lock" date="2025-06-23T23:14:18.106" /><!-- duration: 2ms -->
    <step title="Creating temporary deployment" date="2025-06-23T23:14:18.110" /><!-- duration: 51ms -->
    <step title="GitExeServer.Receive" date="2025-06-23T23:14:18.164" >
      <step title="Executing external process" date="2025-06-23T23:14:18.166" type="process" path="git" arguments="receive-pack --stateless-rpc &quot;/home/site/repository&quot;" /><!-- duration: 145412ms -->
    </step><!-- duration: 145426ms -->
    <step title="Releasing Deployment Lock" date="2025-06-23T23:16:43.646" /><!-- duration: 7ms -->
  </step><!-- duration: 145677ms -->
  <step title="Outgoing response" date="2025-06-23T23:16:43.694" type="response" statusCode="200" statusText="OK" /><!-- duration: 2ms -->
</step><!-- duration: 145732ms -->
