<step title="Incoming Request" date="2025-06-23T22:50:49.016" instance="cbdd36" url="/pantracrm-fixed.git/info/refs?service=git-receive-pack" method="GET" type="request" pid="822,1,17" Accept="*/*" Host="pantracrm-fixed.scm.azurewebsites.net" User-Agent="git/2.34.1" Accept-Encoding="deflate, gzip, br, zstd" Accept-Language="C, *;q=0.9" Authorization="Bas..." Pragma="no-cache" X-ARR-LOG-ID="6cc67b3d-3d25-4c22-a195-97977075889b" CLIENT-IP="47.220.139.42:65313" X-SITE-DEPLOYMENT-ID="pantracrm-fixed" WAS-DEFAULT-HOSTNAME="pantracrm-fixed.scm.azurewebsites.net" X-Forwarded-Proto="https" X-AppService-Proto="https" X-Forwarded-TlsVersion="1.3" X-WAWS-Unencoded-URL="/pantracrm-fixed.git/info/refs?service=git-receive-pack" X-Client-IP="47.220.139.42" X-Client-Port="65313" >
  <step title="Cleanup Xml Logs" date="2025-06-23T22:50:49.024" /><!-- duration: 4ms -->
  <step title="InfoRefsService.Execute" date="2025-06-23T22:50:49.505" >
    <step title="Executing external process" date="2025-06-23T22:50:49.525" type="process" path="git" arguments="rev-parse --git-dir" /><!-- duration: 58ms -->
    <step title="Assuming git repository at /home/site/repository" date="2025-06-23T22:50:49.585" /><!-- duration: 2ms -->
    <step title="InfoRefsService.SmartInfoRefs" date="2025-06-23T22:50:49.591" >
      <step title="Executing external process" date="2025-06-23T22:50:49.603" type="process" path="git" arguments="rev-parse --git-dir" /><!-- duration: 13ms -->
      <step title="Assuming git repository at /home/site/repository" date="2025-06-23T22:50:49.620" /><!-- duration: 3ms -->
      <step title="GitExeServer.AdvertiseReceivePack" date="2025-06-23T22:50:49.626" >
        <step title="Executing external process" date="2025-06-23T22:50:49.628" type="process" path="git" arguments="receive-pack --stateless-rpc --advertise-refs &quot;/home/site/repository&quot;" /><!-- duration: 21ms -->
      </step><!-- duration: 25ms -->
      <step title="Writing 216 bytes" date="2025-06-23T22:50:49.653" /><!-- duration: 2ms -->
    </step><!-- duration: 67ms -->
  </step><!-- duration: 155ms -->
  <step title="Outgoing response" date="2025-06-23T22:50:49.674" type="response" statusCode="200" statusText="OK" /><!-- duration: 3ms -->
</step><!-- duration: 664ms -->
