<step title="Executing external process" date="2025-06-23T23:14:22.224" instance="cbdd36" type="process" path="kudu.exe" arguments="/home/site /opt/Kudu/msbuild" >
  <step title="Cleanup Xml Logs" date="2025-06-23T23:14:22.266" /><!-- duration: 12ms -->
  <step title="Deployment timer started" date="2025-06-23T23:14:22.446" >
    <step title="Executing external process" date="2025-06-23T23:14:22.497" type="process" path="git" arguments="log -n 1 master --" /><!-- duration: 450ms -->
    <step title="DeploymentManager.Deploy(id:682f9f5251b775074b7e621cec14bdbb0ab37f92)" date="2025-06-23T23:14:23.048" >
      <step title="Collecting changeset information" date="2025-06-23T23:14:23.099" /><!-- duration: 508ms -->
      <step title="Updating to specific changeset" date="2025-06-23T23:14:23.615" >
        <step title="Executing external process" date="2025-06-23T23:14:24.868" type="process" path="git" arguments="checkout master --force" /><!-- duration: 6066ms -->
      </step><!-- duration: 7327ms -->
      <step title="Updating submodules" date="2025-06-23T23:14:30.950" /><!-- duration: 107ms -->
      <step title="Determining deployment builder" date="2025-06-23T23:14:31.243" >
        <step title="Builder is OryxBuilder" date="2025-06-23T23:14:31.266" /><!-- duration: 2ms -->
      </step><!-- duration: 33ms -->
      <step title="PreDeployment: context.CleanOutputPath False" date="2025-06-23T23:14:31.315" >
        <step title="PreDeployment: context.OutputPath /home/site/wwwroot" date="2025-06-23T23:14:31.398" >
          <step title="Building" date="2025-06-23T23:14:31.477" >
            <step title="Executing external process" date="2025-06-23T23:14:31.764" type="process" path="bash" arguments="-c &quot;oryx build /home/site/repository -o /home/site/wwwroot --platform php --platform-version 8.3 -p virtualenv_name= --log-file /tmp/build-debug.log  -i /tmp/8ddb2abb5a0afb4 | tee /tmp/oryx-build.log ; exit $PIPESTATUS &quot;" >
              <step title="Cpu: rsync(2683,0.050s)+rsync(2682,9.350s)+rsync(2681,0.930s)+build.sh(1977,0.060s)+oryx(1957,7.630s)+tee(1958,0.000s)+bash(1956,0.000s)=total(18.020s)" date="2025-06-23T23:16:30.039" /><!-- duration: 9ms -->
              <step title="bash: no io activity for 61s, prev-cpu=-1.000s, current-cpu=18.020s" date="2025-06-23T23:16:30.069" /><!-- duration: 9ms -->
            </step><!-- duration: 126950ms -->
            <step title="Using GenericDeploymentLogParser" date="2025-06-23T23:16:39.392" /><!-- duration: 2ms -->
            <step title="Triggering recycle (preview mode disabled)." date="2025-06-23T23:16:40.104" /><!-- duration: 2ms -->
            <step title="Modified file to trigger a restart of the app container." date="2025-06-23T23:16:40.138" /><!-- duration: 2ms -->
            <step title="Skip function trigger and logicapp sync because function is not enabled." date="2025-06-23T23:16:40.185" /><!-- duration: 4ms -->
          </step><!-- duration: 129211ms -->
        </step><!-- duration: 129292ms -->
        <step title="Cleaning up temp files" date="2025-06-23T23:16:40.693" /><!-- duration: 1963ms -->
        <step title="Cleaning up temp files" date="2025-06-23T23:16:42.661" /><!-- duration: 516ms -->
        <step title="Reloading status file with latest updates" date="2025-06-23T23:16:43.203" >
          <step title="WebHooksManager.PublishEventAsync: PostDeployment" date="2025-06-23T23:16:43.206" /><!-- duration: 154ms -->
        </step><!-- duration: 159ms -->
        <step title="Executing external process" date="2025-06-23T23:16:43.382" type="process" path="git" arguments="log -n 1 master --" /><!-- duration: 80ms -->
      </step><!-- duration: 132148ms -->
      <step title="Perform deploy exiting successfully" date="2025-06-23T23:16:43.465" 