<step title="Incoming Request" date="2025-06-23T22:48:15.540" instance="cbdd36" url="/pantracrm-fixed.git/git-receive-pack" method="POST" type="request" pid="826,1,7" Accept="application/x-git-receive-pack-result" Host="pantracrm-fixed.scm.azurewebsites.net" User-Agent="git/2.34.1" Accept-Encoding="deflate, gzip, br, zstd" Authorization="Bas..." Content-Type="application/x-git-receive-pack-request" Content-Length="2053" X-ARR-LOG-ID="c9fcf07d-4f94-4587-8a7b-18a8323f865c" CLIENT-IP="47.220.139.42:65295" X-SITE-DEPLOYMENT-ID="pantracrm-fixed" WAS-DEFAULT-HOSTNAME="pantracrm-fixed.scm.azurewebsites.net" X-Forwarded-Proto="https" X-AppService-Proto="https" X-Forwarded-TlsVersion="1.3" X-WAWS-Unencoded-URL="/pantracrm-fixed.git/git-receive-pack" X-Client-IP="47.220.139.42" X-Client-Port="65295" >
  <step title="RpcService.ReceivePack" date="2025-06-23T22:48:15.567" >
    <step title="Executing external process" date="2025-06-23T22:48:15.575" type="process" path="git" arguments="rev-parse --git-dir" /><!-- duration: 14ms -->
    <step title="Assuming git repository at /home/site/repository" date="2025-06-23T22:48:15.595" /><!-- duration: 3ms -->
    <step title="Acquiring Deployment Lock" date="2025-06-23T22:48:15.602" /><!-- duration: 3ms -->
    <step title="Acquired Deployment Lock" date="2025-06-23T22:48:15.632" /><!-- duration: 3ms -->
    <step title="Creating temporary deployment" date="2025-06-23T22:48:15.638" /><!-- duration: 44ms -->
    <step title="GitExeServer.Receive" date="2025-06-23T22:48:15.685" >
      <step title="Executing external process" date="2025-06-23T22:48:15.688" type="process" path="git" arguments="receive-pack --stateless-rpc &quot;/home/site/repository&quot;" /><!-- duration: 8609ms -->
    </step><!-- duration: 8623ms -->
    <step title="Releasing Deployment Lock" date="2025-06-23T22:48:24.338" /><!-- duration: 3ms -->
  </step><!-- duration: 8782ms -->
  <step title="Outgoing response" date="2025-06-23T22:48:24.353" type="response" statusCode="200" statusText="OK" /><!-- duration: 3ms -->
</step><!-- duration: 8817ms -->
