<step title="Executing external process" date="2025-06-23T22:52:24.489" instance="cbdd36" type="process" path="kudu.exe" arguments="/home/site /opt/Kudu/msbuild" >
  <step title="Cleanup Xml Logs" date="2025-06-23T22:52:24.531" /><!-- duration: 10ms -->
  <step title="Deployment timer started" date="2025-06-23T22:52:24.710" >
    <step title="Executing external process" date="2025-06-23T22:52:24.748" type="process" path="git" arguments="log -n 1 master --" /><!-- duration: 324ms -->
    <step title="DeploymentManager.Deploy(id:9918e34b27aaa5ecb140297f3935c9283c8ff2d7)" date="2025-06-23T22:52:25.144" >
      <step title="Collecting changeset information" date="2025-06-23T22:52:25.225" /><!-- duration: 548ms -->
      <step title="Updating to specific changeset" date="2025-06-23T22:52:25.796" >
        <step title="Executing external process" date="2025-06-23T22:52:27.094" type="process" path="git" arguments="checkout master --force" /><!-- duration: 9520ms -->
      </step><!-- duration: 10823ms -->
      <step title="Updating submodules" date="2025-06-23T22:52:36.626" /><!-- duration: 109ms -->
      <step title="Determining deployment builder" date="2025-06-23T22:52:36.934" >
        <step title="Builder is OryxBuilder" date="2025-06-23T22:52:36.965" /><!-- duration: 2ms -->
      </step><!-- duration: 42ms -->
      <step title="PreDeployment: context.CleanOutputPath False" date="2025-06-23T22:52:37.026" >
        <step title="PreDeployment: context.OutputPath /home/site/wwwroot" date="2025-06-23T22:52:37.119" >
          <step title="Building" date="2025-06-23T22:52:37.218" >
            <step title="Executing external process" date="2025-06-23T22:52:37.467" type="process" path="bash" arguments="-c &quot;oryx build /home/site/repository -o /home/site/wwwroot --platform php --platform-version 8.3 -p virtualenv_name= --log-file /tmp/build-debug.log  -i /tmp/8ddb2a8a63f1a9c | tee /tmp/oryx-build.log ; exit $PIPESTATUS &quot;" >
              <step title="Cpu: rsync(1739,1.950s)+rsync(1738,0.570s)+rsync(1737,0.530s)+build.sh(976,0.040s)+oryx(954,8.280s)+tee(955,0.000s)+bash(953,0.000s)=total(11.370s)" date="2025-06-23T22:54:57.590" /><!-- duration: 13ms -->
              <step title="bash: no io activity for 61s, prev-cpu=-1.000s, current-cpu=11.370s" date="2025-06-23T22:54:57.643" /><!-- duration: 9ms -->
              <step title="Cpu: rsync(1739,3.300s)+rsync(1738,1.130s)+rsync(1737,0.850s)+build.sh(976,0.040s)+oryx(954,8.300s)+tee(955,0.000s)+bash(953,0.000s)=total(13.620s)" date="2025-06-23T22:55:58.440" /><!-- duration: 50ms -->
              <step title="bash: no io activity for 122s, prev-cpu=11.370s, current-cpu=13.620s" date="2025-06-23T22:55:58.530" /><!-- duration: 40ms -->
