<step title="Executing external process" date="2025-06-23T22:57:33.118" instance="cbdd36" type="process" path="kudu.exe" arguments="/home/site /opt/Kudu/msbuild" >
  <step title="Cleanup Xml Logs" date="2025-06-23T22:57:33.158" /><!-- duration: 11ms -->
  <step title="Deployment timer started" date="2025-06-23T22:57:33.348" >
    <step title="Executing external process" date="2025-06-23T22:57:33.397" type="process" path="git" arguments="log -n 1 master --" /><!-- duration: 342ms -->
    <step title="DeploymentManager.Deploy(id:b6dd3073bb3c5b97061fa606e397b5883e32b0f3)" date="2025-06-23T22:57:33.820" >
      <step title="Collecting changeset information" date="2025-06-23T22:57:33.902" /><!-- duration: 503ms -->
      <step title="Updating to specific changeset" date="2025-06-23T22:57:34.416" >
        <step title="Executing external process" date="2025-06-23T22:57:35.682" type="process" path="git" arguments="checkout master --force" /><!-- duration: 6030ms -->
      </step><!-- duration: 7307ms -->
      <step title="Updating submodules" date="2025-06-23T22:57:41.732" /><!-- duration: 104ms -->
      <step title="Determining deployment builder" date="2025-06-23T22:57:42.088" >
        <step title="Builder is OryxBuilder" date="2025-06-23T22:57:42.125" /><!-- duration: 3ms -->
      </step><!-- duration: 49ms -->
      <step title="PreDeployment: context.CleanOutputPath False" date="2025-06-23T22:57:42.182" >
        <step title="PreDeployment: context.OutputPath /home/site/wwwroot" date="2025-06-23T22:57:42.285" >
          <step title="Building" date="2025-06-23T22:57:42.370" >
            <step title="Executing external process" date="2025-06-23T22:57:42.643" type="process" path="bash" arguments="-c &quot;oryx build /home/site/repository -o /home/site/wwwroot --platform php --platform-version 8.3 -p virtualenv_name= --log-file /tmp/build-debug.log  -i /tmp/8ddb2a95c218eba | tee /tmp/oryx-build.log ; exit $PIPESTATUS &quot;" >
              <step title="Cpu: rsync(1661,0.730s)+rsync(1660,5.310s)+rsync(1659,0.910s)+build.sh(926,0.070s)+oryx(906,7.950s)+tee(907,0.000s)+bash(905,0.000s)=total(14.970s)" date="2025-06-23T22:59:51.709" /><!-- duration: 7ms -->
              <step title="bash: no io activity for 61s, prev-cpu=-1.000s, current-cpu=14.970s" date="2025-06-23T22:59:51.754" /><!-- duration: 3ms -->
              <step title="Cpu: rsync(1661,3.300s)+rsync(1660,5.830s)+rsync(1659,1.490s)+build.sh(926,0.070s)+oryx(906,7.970s)+tee(907,0.000s)+bash(905,0.000s)=total(18.660s)" date="2025-06-23T23:00:51.847" /><!-- duration: 29ms -->
              <step title="bash: no io activity for 121s, prev-cpu=14.970s, current-cpu=18.660s" date="2025-06-23T23:00:51.895" /><!-- duration: 11ms -->
            </step><!-- duration: 197001ms -->
            <step title="Using GenericDeploymentLogParser" date="2025-06-23T23:01:00.341" /><!-- duration: 2ms -->
            <step title="Triggering recycle (preview mode disabled)." date="2025-06-23T23:01:01.139" /><!-- duration: 6ms -->
            <step title="Modified file to trigger a restart of the app container." date="2025-06-23T23:01:01.182" /><!-- duration: 2ms -->
            <step title="Skip function trigger and logicapp sync because function is not enabled." date="2025-06-23T23:01:01.229" /><!-- duration: 2ms -->
            <step title="Purge deployment items" date="2025-06-23T23:01:01.788" >
              <step title="Remove 9918e34b2, Failed, received at 06/23/2025 22:52:25" date="2025-06-23T23:01:01.832" /><!-- duration: 1ms -->
              <step title="Remove temp-215a, Failed, received at 06/23/2025 22:52:20" date="2025-06-23T23:01:01.857" /><!-- duration: 1ms -->
            </step><!-- duration: 73ms -->
          </step><!-- duration: 199520ms -->
        </step><!-- duration: 199607ms -->
        <step title="Cleaning up temp files" date="2025-06-23T23:01:01.893" /><!-- duration: 3837ms -->
        <step title="Cleaning up temp files" date="2025-06-23T23:01:05.743" /><!-- duration: 522ms -->
        <step title="Reloading status file with latest updates" date="2025-06-23T23:01:06.296" >
          <step title="WebHooksManager.PublishEventAsync: PostDeployment" date="2025-06-23T23:01:06.304" /><!-- duration: 352ms -->
        </step><!-- duration: 390ms -->
        <step title="Executing external process" date="2025-06-23T23:01:06.729" type="process" path="git" arguments="log -n 1 master --" /><!-- duration: 167ms -->
      </step><!-- duration: 204726ms -->
      <step title="Perform deploy exiting successfully" date="2025-06-23T23:01:06.916" 