<step title="Incoming Request" date="2025-06-23T22:57:27.950" instance="cbdd36" url="/pantracrm-fixed.git/info/refs?service=git-receive-pack" method="GET" type="request" pid="821,1,20" Accept="*/*" Host="pantracrm-fixed.scm.azurewebsites.net" User-Agent="git/2.34.1" Accept-Encoding="deflate, gzip, br, zstd" Accept-Language="C, *;q=0.9" Authorization="Bas..." Pragma="no-cache" X-ARR-LOG-ID="3ca0f009-e7be-4832-940b-b64db7b3bf87" CLIENT-IP="47.220.139.42:65240" X-SITE-DEPLOYMENT-ID="pantracrm-fixed" WAS-DEFAULT-HOSTNAME="pantracrm-fixed.scm.azurewebsites.net" X-Forwarded-Proto="https" X-AppService-Proto="https" X-Forwarded-TlsVersion="1.3" X-WAWS-Unencoded-URL="/pantracrm-fixed.git/info/refs?service=git-receive-pack" X-Client-IP="47.220.139.42" X-Client-Port="65240" >
  <step title="Cleanup Xml Logs" date="2025-06-23T22:57:27.953" /><!-- duration: 9ms -->
  <step title="InfoRefsService.Execute" date="2025-06-23T22:57:28.011" >
    <step title="Executing external process" date="2025-06-23T22:57:28.041" type="process" path="git" arguments="rev-parse --git-dir" /><!-- duration: 212ms -->
    <step title="Assuming git repository at /home/site/repository" date="2025-06-23T22:57:28.273" /><!-- duration: 9ms -->
    <step title="InfoRefsService.SmartInfoRefs" date="2025-06-23T22:57:28.292" >
      <step title="Executing external process" date="2025-06-23T22:57:28.313" type="process" path="git" arguments="rev-parse --git-dir" /><!-- duration: 22ms -->
      <step title="Assuming git repository at /home/site/repository" date="2025-06-23T22:57:28.344" /><!-- duration: 2ms -->
      <step title="GitExeServer.AdvertiseReceivePack" date="2025-06-23T22:57:28.349" >
        <step title="Executing external process" date="2025-06-23T22:57:28.351" type="process" path="git" arguments="receive-pack --stateless-rpc --advertise-refs &quot;/home/site/repository&quot;" /><!-- duration: 27ms -->
      </step><!-- duration: 30ms -->
      <step title="Writing 279 bytes" date="2025-06-23T22:57:28.380" /><!-- duration: 1ms -->
    </step><!-- duration: 92ms -->
  </step><!-- duration: 374ms -->
  <step title="Outgoing response" date="2025-06-23T22:57:28.394" type="response" statusCode="200" statusText="OK" /><!-- duration: 2ms -->
</step><!-- duration: 447ms -->
