<step title="Incoming Request" date="2025-06-23T22:50:50.200" instance="cbdd36" url="/pantracrm-fixed.git/git-receive-pack" method="POST" type="request" pid="822,1,17" Accept="application/x-git-receive-pack-result" Host="pantracrm-fixed.scm.azurewebsites.net" User-Agent="git/2.34.1" Accept-Encoding="deflate, gzip, br, zstd" Authorization="Bas..." Content-Type="application/x-git-receive-pack-request" Content-Length="801" X-ARR-LOG-ID="7284afdd-195d-4357-8c46-ad6e114807a8" CLIENT-IP="47.220.139.42:65313" X-SITE-DEPLOYMENT-ID="pantracrm-fixed" WAS-DEFAULT-HOSTNAME="pantracrm-fixed.scm.azurewebsites.net" X-Forwarded-Proto="https" X-AppService-Proto="https" X-Forwarded-TlsVersion="1.3" X-WAWS-Unencoded-URL="/pantracrm-fixed.git/git-receive-pack" X-Client-IP="47.220.139.42" X-Client-Port="65313" >
  <step title="RpcService.ReceivePack" date="2025-06-23T22:50:50.214" >
    <step title="Executing external process" date="2025-06-23T22:50:50.219" type="process" path="git" arguments="rev-parse --git-dir" /><!-- duration: 13ms -->
    <step title="Assuming git repository at /home/site/repository" date="2025-06-23T22:50:50.234" /><!-- duration: 2ms -->
    <step title="Acquiring Deployment Lock" date="2025-06-23T22:50:50.240" /><!-- duration: 2ms -->
    <step title="Acquired Deployment Lock" date="2025-06-23T22:50:50.269" /><!-- duration: 3ms -->
    <step title="Creating temporary deployment" date="2025-06-23T22:50:50.275" /><!-- duration: 36ms -->
    <step title="GitExeServer.Receive" date="2025-06-23T22:50:50.314" >
      <step title="Executing external process" date="2025-06-23T22:50:50.317" type="process" path="git" arguments="receive-pack --stateless-rpc &quot;/home/site/repository&quot;" /><!-- duration: 8861ms -->
    </step><!-- duration: 8899ms -->
    <step title="Releasing Deployment Lock" date="2025-06-23T22:50:59.248" /><!-- duration: 3ms -->
  </step><!-- duration: 9043ms -->
  <step title="Outgoing response" date="2025-06-23T22:50:59.260" type="response" statusCode="200" statusText="OK" /><!-- duration: 2ms -->
</step><!-- duration: 9065ms -->
