<step title="Incoming Request" date="2025-06-23T22:52:19.050" instance="cbdd36" url="/pantracrm-fixed.git/info/refs?service=git-receive-pack" method="GET" type="request" pid="822,1,17" Accept="*/*" Host="pantracrm-fixed.scm.azurewebsites.net" User-Agent="git/2.34.1" Accept-Encoding="deflate, gzip, br, zstd" Accept-Language="C, *;q=0.9" Authorization="Bas..." Pragma="no-cache" X-ARR-LOG-ID="e774dc44-fd39-4e53-a945-cc9118f6b595" CLIENT-IP="47.220.139.42:65296" X-SITE-DEPLOYMENT-ID="pantracrm-fixed" WAS-DEFAULT-HOSTNAME="pantracrm-fixed.scm.azurewebsites.net" X-Forwarded-Proto="https" X-AppService-Proto="https" X-Forwarded-TlsVersion="1.3" X-WAWS-Unencoded-URL="/pantracrm-fixed.git/info/refs?service=git-receive-pack" X-Client-IP="47.220.139.42" X-Client-Port="65296" >
  <step title="Cleanup Xml Logs" date="2025-06-23T22:52:19.080" /><!-- duration: 19ms -->
  <step title="InfoRefsService.Execute" date="2025-06-23T22:52:19.110" >
    <step title="Executing external process" date="2025-06-23T22:52:19.148" type="process" path="git" arguments="rev-parse --git-dir" /><!-- duration: 53ms -->
    <step title="Assuming git repository at /home/site/repository" date="2025-06-23T22:52:19.218" /><!-- duration: 2ms -->
    <step title="InfoRefsService.SmartInfoRefs" date="2025-06-23T22:52:19.230" >
      <step title="Executing external process" date="2025-06-23T22:52:19.261" type="process" path="git" arguments="rev-parse --git-dir" /><!-- duration: 38ms -->
      <step title="Assuming git repository at /home/site/repository" date="2025-06-23T22:52:19.309" /><!-- duration: 2ms -->
      <step title="GitExeServer.AdvertiseReceivePack" date="2025-06-23T22:52:19.322" >
        <step title="Executing external process" date="2025-06-23T22:52:19.330" type="process" path="git" arguments="receive-pack --stateless-rpc --advertise-refs &quot;/home/site/repository&quot;" /><!-- duration: 130ms -->
      </step><!-- duration: 150ms -->
      <step title="Writing 216 bytes" date="2025-06-23T22:52:19.482" /><!-- duration: 9ms -->
    </step><!-- duration: 270ms -->
  </step><!-- duration: 412ms -->
  <step title="Outgoing response" date="2025-06-23T22:52:19.533" type="response" statusCode="200" statusText="OK" /><!-- duration: 8ms -->
</step><!-- duration: 499ms -->
